<publishData>
  <publishTarget publishUrl="\\hera\Websites\default\InfojetWebService\">
    <file relUrl="InfojetServiceRequest.asmx" publishTime="04/22/2010 07:04:25" />
    <file relUrl="bin/WebService.dll" publishTime="06/13/2011 15:31:10" />
    <file relUrl="bin/WebService.pdb" publishTime="06/13/2011 15:31:10" />
    <file relUrl="Web.config" publishTime="04/22/2010 06:58:52" />
  </publishTarget>
  <publishTarget publishUrl="\\192.168.222.14\Websites\dev2.navipro.se\InfojetWebService\">
    <file relUrl="InfojetServiceRequest.asmx" publishTime="04/22/2010 07:04:25" />
    <file relUrl="bin/WebService.dll" publishTime="02/21/2011 09:33:59" />
    <file relUrl="bin/WebService.pdb" publishTime="02/21/2011 09:33:59" />
    <file relUrl="Web.config" publishTime="04/22/2010 06:58:52" />
  </publishTarget>
</publishData>